配置,NMI,ARI,ACC
optimized,0.9986323379235401,0.9988866565919358,0.9995
